{
  "app\\eslint.config.js": 1775462117.0588648,
  "app\\vite.config.ts": 1775600243.3164718,
  "app\\src\\App.tsx": 1776256089.7309525,
  "app\\src\\AppContent.tsx": 1776547938.6480353,
  "app\\src\\main.tsx": 1776200547.4909556,
  "app\\src\\components\\Contact.tsx": 1776547309.1571693,
  "app\\src\\components\\CustomCursor.tsx": 1776290304.9203358,
  "app\\src\\components\\EraJumpOverlay.tsx": 1776547323.0447838,
  "app\\src\\components\\Hero.tsx": 1776552275.3451073,
  "app\\src\\components\\LoreJourney.tsx": 1776552012.6285214,
  "app\\src\\components\\Navigation.tsx": 1776548019.5952258,
  "app\\src\\components\\Projects.tsx": 1776547993.8796198,
  "app\\src\\components\\Skills.tsx": 1776552007.286822,
  "app\\src\\components\\WormholeLoader.tsx": 1776290379.7429385,
  "app\\src\\contexts\\TimelineContext.tsx": 1776200258.1872113,
  "app\\src\\data\\content.ts": 1775602127.878006,
  "app\\src\\data\\globalProjects.ts": 1776331348.1342146,
  "app\\src\\data\\loreData.ts": 1776551422.731499,
  "app\\src\\data\\timelineData.ts": 1776257134.8841693,
  "app\\src\\data\\types.ts": 1776551101.177395,
  "app\\src\\data\\eras\\1800s.ts": 1776551127.9904165,
  "app\\src\\data\\eras\\1900s.ts": 1776551152.2300396,
  "app\\src\\data\\eras\\future.ts": 1776551167.241296,
  "app\\src\\data\\eras\\present.ts": 1776551114.631758,
  "app\\src\\utils\\cn.ts": 1776256207.2648902,
  "app\\index.html": 1776256051.7786992,
  "app\\README.md": 1776624419.8510118,
  "app\\Laksh Resume.pdf": 1772743902.4280698,
  "app\\public\\favicon.svg": 1775462117.2285404,
  "app\\public\\icons.svg": 1775462117.2521222,
  "app\\public\\assets\\photos\\20240602_130757 (1)[.jpg": 1776197421.9256618,
  "app\\public\\assets\\photos\\20241111_154255(1).jpg": 1776197421.913527,
  "app\\public\\assets\\photos\\20251012_172943(1).jpg": 1776197421.891603,
  "app\\public\\assets\\photos\\IMG_20220627_173957_328.jpg": 1776197421.8686557,
  "app\\public\\assets\\photos\\IMG_20231227_155735_827.jpg": 1776197421.9444597
}